ViafId,FreebaseId,OfficialWebsite,CommonsCategory
1.7311601228390405e+21,3,2,2
8.850157342856311e+21,0,1,0
305858492.0,1,0,1
7.915286420530482e+19,2,3,3
