{
  "scenario": "hfl",
  "model": "xgboost",
  "runs": 5,
  "show_std": false,
  "metrics": {
    "solo1": {
      "mean": 0.936655960289072,
      "std": 1.1102230246251565e-16
    },
    "solo2": {
      "mean": 0.9740165631469979,
      "std": 0.0
    },
    "combined": {
      "mean": 0.4805732613488061,
      "std": 5.551115123125783e-17
    }
  }
}