{
  "scenario": "hfl",
  "model": "neural_network",
  "runs": 5,
  "show_std": false,
  "metrics": {
    "solo1": {
      "mean": 0.7906122698209161,
      "std": 0.0
    },
    "solo2": {
      "mean": 0.9274960288159045,
      "std": 0.0
    },
    "combined": {
      "mean": 0.3112614742684472,
      "std": 0.0
    }
  }
}