{
  "scenario": "hfl",
  "models": [
    "neural_network",
    "xgboost",
    "random_forest",
    "logistic_regression",
    "svm"
  ],
  "runs": 5,
  "show_std": false,
  "metrics": {
    "neural_network": {
      "solo1": {
        "mean": 0.14434201963996843,
        "std": 0.0
      },
      "solo2": {
        "mean": 0.496062252333097,
        "std": 5.551115123125783e-17
      },
      "combined": {
        "mean": 0.7224794401995895,
        "std": 0.003976870973895906
      }
    },
    "xgboost": {
      "solo1": {
        "mean": 0.17200700213714212,
        "std": 0.0
      },
      "solo2": {
        "mean": 0.5070617259515171,
        "std": 0.0
      },
      "combined": {
        "mean": 0.9674365625735326,
        "std": 0.0
      }
    },
    "random_forest": {
      "solo1": {
        "mean": 0.1877300151873467,
        "std": 0.0
      },
      "solo2": {
        "mean": 0.4990835825733356,
        "std": 5.551115123125783e-17
      },
      "combined": {
        "mean": 0.9618774615759991,
        "std": 0.0014618777567737774
      }
    },
    "logistic_regression": {
      "solo1": {
        "mean": 0.1405900152703222,
        "std": 0.0
      },
      "solo2": {
        "mean": 0.4663145726194764,
        "std": 0.0
      },
      "combined": {
        "mean": 0.8498631421041736,
        "std": 1.1102230246251565e-16
      }
    },
    "svm": {
      "solo1": {
        "mean": 0.14276930529806878,
        "std": 0.0
      },
      "solo2": {
        "mean": 0.47327596005417727,
        "std": 5.551115123125783e-17
      },
      "combined": {
        "mean": 0.8607982098098018,
        "std": 0.0
      }
    }
  }
}