{
  "scenario": "hfl",
  "model": "random_forest",
  "runs": 5,
  "show_std": false,
  "metrics": {
    "solo1": {
      "mean": 0.9247837214713286,
      "std": 0.0
    },
    "solo2": {
      "mean": 0.9564785743357171,
      "std": 1.1102230246251565e-16
    },
    "combined": {
      "mean": 0.4727801402698118,
      "std": 5.551115123125783e-17
    }
  }
}