{
  "scenario": "hfl",
  "model": "logistic_regression",
  "runs": 5,
  "show_std": false,
  "metrics": {
    "solo1": {
      "mean": 0.7513115841524454,
      "std": 0.0
    },
    "solo2": {
      "mean": 0.9016529914359491,
      "std": 0.0
    },
    "combined": {
      "mean": 0.4249315710520868,
      "std": 0.0
    }
  }
}