{
  "experiment_type": "vertical",
  "num_files_processed": 20,
  "algorithms": {
    "splitnn": {
      "splitnn": {
        "accuracy": {
          "mean": 0.6530612244897959,
          "std": 0.0
        },
        "precision": {
          "mean": 0.5727040816326531,
          "std": 0.0
        },
        "recall": {
          "mean": 0.6530612244897959,
          "std": 0.0
        },
        "f1": {
          "mean": 0.5962475312705727,
          "std": 0.0
        }
      },
      "centralized": {
        "accuracy": {
          "mean": 0.6781609195402298,
          "std": 0.0
        },
        "precision": {
          "mean": 0.6436781609195402,
          "std": 0.0
        },
        "recall": {
          "mean": 0.6781609195402298,
          "std": 0.0
        },
        "f1": {
          "mean": 0.6586677421523157,
          "std": 0.0
        }
      }
    },
    "secureboost": {
      "secureboost_solo": {
        "accuracy": {
          "mean": 0.8418367346938777,
          "std": 1.1102230246251565e-16
        },
        "precision": {
          "mean": 0.8418367346938777,
          "std": 1.1102230246251565e-16
        },
        "recall": {
          "mean": 0.8418367346938777,
          "std": 1.1102230246251565e-16
        },
        "f1": {
          "mean": 0.8418367346938777,
          "std": 1.1102230246251565e-16
        }
      },
      "secureboost_combined": {
        "accuracy": {
          "mean": 0.9251700680272108,
          "std": 1.1102230246251565e-16
        },
        "precision": {
          "mean": 0.9251700680272108,
          "std": 1.1102230246251565e-16
        },
        "recall": {
          "mean": 0.9251700680272108,
          "std": 1.1102230246251565e-16
        },
        "f1": {
          "mean": 0.9251700680272108,
          "std": 1.1102230246251565e-16
        }
      }
    },
    "primary": {
      "models": {
        "Neural_Network": {
          "accuracy": {
            "mean": 0.40816326530612246,
            "std": 0.0
          },
          "precision": {
            "mean": 0.3061624649859944,
            "std": 0.0
          },
          "recall": {
            "mean": 0.40816326530612246,
            "std": 0.0
          },
          "f1": {
            "mean": 0.3374099639855942,
            "std": 0.0
          }
        }
      }
    }
  }
}