{
  "scenario": "vfl",
  "model": "xgboost",
  "runs": 5,
  "show_std": false,
  "metrics": {
    "solo": {
      "mean": 0.8418367346938777,
      "std": 1.1102230246251565e-16
    },
    "combined": {
      "mean": 0.6586677421523157,
      "std": 0.0
    }
  }
}