{
  "scenario": "vfl",
  "models": [
    "neural_network",
    "xgboost",
    "random_forest",
    "logistic_regression",
    "svm"
  ],
  "runs": 5,
  "show_std": false,
  "metrics": {
    "neural_network": {
      "solo": {
        "mean": 0.4262001849103795,
        "std": 0.09187090432437964
      },
      "combined": {
        "mean": 0.5868290739937402,
        "std": 0.07561318649749572
      }
    },
    "xgboost": {
      "solo": {
        "mean": 0.8835034013605443,
        "std": 0.041666666666666685
      },
      "combined": {
        "mean": 0.9251700680272108,
        "std": 1.1102230246251565e-16
      }
    },
    "random_forest": {
      "solo": {
        "mean": 0.9313508260447037,
        "std": 0.007864302015252518
      },
      "combined": {
        "mean": 0.9239261418853255,
        "std": 0.0036664182305311275
      }
    },
    "logistic_regression": {
      "solo": {
        "mean": 0.6229271369564775,
        "std": 0.28679268317496487
      },
      "combined": {
        "mean": 0.9097198201314424,
        "std": 0.0
      }
    },
    "svm": {
      "solo": {
        "mean": 0.8811483915600139,
        "std": 0.0
      },
      "combined": {
        "mean": 0.8811483915600139,
        "std": 0.0
      }
    }
  }
}