{
  "experiment_type": "primary_client",
  "client": "48804_LPG1L",
  "timestamp": "20250729_152621",
  "seed": 4,
  "experiment_params": {
    "hidden_dims": [
      64,
      32
    ],
    "learning_rate": 0.0001,
    "local_epochs": 5,
    "global_rounds": 20,
    "batch_size": 32,
    "device": "cuda:1"
  },
  "selected_models": [
    "neural_network",
    "xgboost",
    "random_forest",
    "logistic_regression"
  ],
  "results": {
    "Neural_Network": [
      0.40816326530612246,
      0.3061624649859944,
      0.40816326530612246,
      0.3374099639855942
    ],
    "XGBoost": [
      0.8571428571428571,
      0.8326530612244898,
      0.8571428571428571,
      0.8418367346938775
    ],
    "Random_Forest": [
      0.9387755102040817,
      0.9387755102040817,
      0.9387755102040817,
      0.9387755102040817
    ],
    "Logistic_Regression": [
      0.3673469387755102,
      0.33197278911564626,
      0.3673469387755102,
      0.3361344537815126
    ]
  },
  "summary": {
    "best_model": "Random_Forest",
    "best_f1": 0.9387755102040817,
    "all_models": {
      "Neural_Network": {
        "f1": 0.3374099639855942
      },
      "XGBoost": {
        "f1": 0.8418367346938775
      },
      "Random_Forest": {
        "f1": 0.9387755102040817
      },
      "Logistic_Regression": {
        "f1": 0.3361344537815126
      }
    }
  }
}