{
  "config": {
    "db_ids": "01318,15832,26192,34036,52953,67222,79114,84208",
    "target_col": "RailwayTrafficSide",
    "positive_token": "right",
    "property_mode": "all",
    "global_rounds": 10,
    "local_epochs": 2,
    "hidden_dim": 64,
    "lr": 0.01,
    "output_dir": "results/fedgnn",
    "cache_dir": "results/cache/raw_data",
    "subgraph_cache_dir": "results/subgraph_cache",
    "use_batchnorm": true,
    "num_classes": 2,
    "drop_other": false,
    "metrics": "accuracy,f1,auc",
    "seeds": "0,1,2,3,4"
  },
  "seed": 3,
  "db_ids": [
    "01318",
    "15832",
    "26192",
    "34036",
    "52953",
    "67222",
    "79114",
    "84208"
  ],
  "union_schema_size": 1223,
  "n_edges": 20,
  "property_modes": [
    "both",
    "node_only",
    "edge_only",
    "none"
  ],
  "metrics_reported": [
    "accuracy",
    "f1",
    "auc"
  ],
  "per_database": {
    "01318": {
      "solo": {
        "accuracy": 1.0,
        "f1": 1.0,
        "auc": 1.0,
        "loss": 0.00040321596316061914
      },
      "fedavg": {
        "accuracy": 0.96,
        "f1": 0.9655172413793104,
        "auc": 1.0,
        "loss": 0.5086819529533386
      },
      "fedgnn_both": {
        "accuracy": 1.0,
        "f1": 1.0,
        "auc": 1.0,
        "loss": 0.4328567385673523
      },
      "fedgnn_node_only": {
        "accuracy": 1.0,
        "f1": 1.0,
        "auc": 1.0,
        "loss": 0.464170902967453
      },
      "fedgnn_edge_only": {
        "accuracy": 1.0,
        "f1": 1.0,
        "auc": 1.0,
        "loss": 0.49734655022621155
      },
      "fedgnn_none": {
        "accuracy": 0.92,
        "f1": 0.9285714285714286,
        "auc": 1.0,
        "loss": 0.512051522731781
      }
    },
    "15832": {
      "solo": {
        "accuracy": 1.0,
        "f1": 1.0,
        "auc": 1.0,
        "loss": 0.0021498287096619606
      },
      "fedavg": {
        "accuracy": 1.0,
        "f1": 1.0,
        "auc": 1.0,
        "loss": 0.5078052282333374
      },
      "fedgnn_both": {
        "accuracy": 1.0,
        "f1": 1.0,
        "auc": 1.0,
        "loss": 0.4278351664543152
      },
      "fedgnn_node_only": {
        "accuracy": 1.0,
        "f1": 1.0,
        "auc": 1.0,
        "loss": 0.41999930143356323
      },
      "fedgnn_edge_only": {
        "accuracy": 1.0,
        "f1": 1.0,
        "auc": 1.0,
        "loss": 0.43802040815353394
      },
      "fedgnn_none": {
        "accuracy": 0.8333333333333334,
        "f1": 0.8571428571428571,
        "auc": 1.0,
        "loss": 0.5510197877883911
      }
    },
    "26192": {
      "solo": {
        "accuracy": 0.7142857142857143,
        "f1": 0.75,
        "auc": 0.9166666666666667,
        "loss": 0.6344603300094604
      },
      "fedavg": {
        "accuracy": 0.7142857142857143,
        "f1": 0.6666666666666666,
        "auc": 1.0,
        "loss": 0.6079307794570923
      },
      "fedgnn_both": {
        "accuracy": 0.8571428571428571,
        "f1": 0.8571428571428571,
        "auc": 1.0,
        "loss": 0.4982307553291321
      },
      "fedgnn_node_only": {
        "accuracy": 0.7142857142857143,
        "f1": 0.75,
        "auc": 0.8333333333333334,
        "loss": 0.5637530088424683
      },
      "fedgnn_edge_only": {
        "accuracy": 0.8571428571428571,
        "f1": 0.8571428571428571,
        "auc": 1.0,
        "loss": 0.5879114270210266
      },
      "fedgnn_none": {
        "accuracy": 0.8571428571428571,
        "f1": 0.8571428571428571,
        "auc": 1.0,
        "loss": 0.5916995406150818
      }
    },
    "34036": {
      "solo": {
        "accuracy": 0.8,
        "f1": 0.8,
        "auc": 0.8333333333333333,
        "loss": 1.0669052600860596
      },
      "fedavg": {
        "accuracy": 0.8,
        "f1": 0.8,
        "auc": 1.0,
        "loss": 0.587449848651886
      },
      "fedgnn_both": {
        "accuracy": 0.8,
        "f1": 0.8,
        "auc": 0.8333333333333333,
        "loss": 0.6022936105728149
      },
      "fedgnn_node_only": {
        "accuracy": 1.0,
        "f1": 1.0,
        "auc": 1.0,
        "loss": 0.5055888295173645
      },
      "fedgnn_edge_only": {
        "accuracy": 0.8,
        "f1": 0.8,
        "auc": 0.8333333333333333,
        "loss": 0.6324521899223328
      },
      "fedgnn_none": {
        "accuracy": 0.6,
        "f1": 0.5,
        "auc": 1.0,
        "loss": 0.599774956703186
      }
    },
    "52953": {
      "solo": {
        "accuracy": 0.6666666666666666,
        "f1": 0.5714285714285714,
        "auc": 0.9,
        "loss": 1.0208280086517334
      },
      "fedavg": {
        "accuracy": 0.8888888888888888,
        "f1": 0.8888888888888888,
        "auc": 0.95,
        "loss": 0.5985530018806458
      },
      "fedgnn_both": {
        "accuracy": 1.0,
        "f1": 1.0,
        "auc": 1.0,
        "loss": 0.5766995549201965
      },
      "fedgnn_node_only": {
        "accuracy": 0.8888888888888888,
        "f1": 0.9090909090909091,
        "auc": 1.0,
        "loss": 0.565778374671936
      },
      "fedgnn_edge_only": {
        "accuracy": 0.7777777777777778,
        "f1": 0.8,
        "auc": 0.9,
        "loss": 0.6069762110710144
      },
      "fedgnn_none": {
        "accuracy": 0.6666666666666666,
        "f1": 0.5714285714285714,
        "auc": 0.95,
        "loss": 0.6239952445030212
      }
    },
    "67222": {
      "solo": {
        "accuracy": 1.0,
        "f1": 1.0,
        "auc": 1.0,
        "loss": 0.13112878799438477
      },
      "fedavg": {
        "accuracy": 0.6666666666666666,
        "f1": 0.6666666666666666,
        "auc": 0.75,
        "loss": 0.6597752571105957
      },
      "fedgnn_both": {
        "accuracy": 0.8333333333333334,
        "f1": 0.8571428571428571,
        "auc": 1.0,
        "loss": 0.521050214767456
      },
      "fedgnn_node_only": {
        "accuracy": 0.6666666666666666,
        "f1": 0.75,
        "auc": 0.875,
        "loss": 0.5807473659515381
      },
      "fedgnn_edge_only": {
        "accuracy": 0.6666666666666666,
        "f1": 0.6666666666666666,
        "auc": 0.625,
        "loss": 0.6392843723297119
      },
      "fedgnn_none": {
        "accuracy": 0.5,
        "f1": 0.4,
        "auc": 1.0,
        "loss": 0.6379622220993042
      }
    },
    "79114": {
      "solo": {
        "accuracy": 1.0,
        "f1": 1.0,
        "auc": 1.0,
        "loss": 0.0006051848758943379
      },
      "fedavg": {
        "accuracy": 0.9823008849557522,
        "f1": 0.9829059829059829,
        "auc": 0.9996863483102015,
        "loss": 0.4684657156467438
      },
      "fedgnn_both": {
        "accuracy": 0.9911504424778761,
        "f1": 0.9913793103448276,
        "auc": 0.9996863483102015,
        "loss": 0.3749389946460724
      },
      "fedgnn_node_only": {
        "accuracy": 0.9778761061946902,
        "f1": 0.9787234042553191,
        "auc": 0.9995295224653022,
        "loss": 0.4149678945541382
      },
      "fedgnn_edge_only": {
        "accuracy": 0.9823008849557522,
        "f1": 0.9829059829059829,
        "auc": 0.9995295224653022,
        "loss": 0.4326627850532532
      },
      "fedgnn_none": {
        "accuracy": 0.9911504424778761,
        "f1": 0.9913793103448276,
        "auc": 1.0,
        "loss": 0.45001643896102905
      }
    },
    "84208": {
      "solo": {
        "accuracy": 0.5555555555555556,
        "f1": 0.6,
        "auc": 0.7,
        "loss": 1.19550621509552
      },
      "fedavg": {
        "accuracy": 0.7777777777777778,
        "f1": 0.75,
        "auc": 0.8500000000000001,
        "loss": 0.6248430609703064
      },
      "fedgnn_both": {
        "accuracy": 0.7777777777777778,
        "f1": 0.8,
        "auc": 0.95,
        "loss": 0.5764490365982056
      },
      "fedgnn_node_only": {
        "accuracy": 1.0,
        "f1": 1.0,
        "auc": 1.0,
        "loss": 0.5804958343505859
      },
      "fedgnn_edge_only": {
        "accuracy": 0.8888888888888888,
        "f1": 0.8888888888888888,
        "auc": 0.8,