{
  "config": {
    "db_ids": "01318,15832,26192,34036,52953,67222,79114,84208",
    "target_col": "RailwayTrafficSide",
    "positive_token": "right",
    "property_mode": "all",
    "global_rounds": 10,
    "local_epochs": 2,
    "hidden_dim": 64,
    "lr": 0.01,
    "output_dir": "results/fedgnn",
    "cache_dir": "results/cache/raw_data",
    "subgraph_cache_dir": "results/subgraph_cache",
    "use_batchnorm": true,
    "num_classes": 2,
    "drop_other": false,
    "metrics": "accuracy,f1,auc",
    "seeds": "0,1,2,3,4"
  },
  "seed": 2,
  "db_ids": [
    "01318",
    "15832",
    "26192",
    "34036",
    "52953",
    "67222",
    "79114",
    "84208"
  ],
  "union_schema_size": 1223,
  "n_edges": 20,
  "property_modes": [
    "both",
    "node_only",
    "edge_only",
    "none"
  ],
  "metrics_reported": [
    "accuracy",
    "f1",
    "auc"
  ],
  "per_database": {
    "01318": {
      "solo": {
        "accuracy": 1.0,
        "f1": 1.0,
        "auc": 1.0,
        "loss": 0.0006577694439329207
      },
      "fedavg": {
        "accuracy": 0.88,
        "f1": 0.8888888888888888,
        "auc": 1.0,
        "loss": 0.5345272421836853
      },
      "fedgnn_both": {
        "accuracy": 1.0,
        "f1": 1.0,
        "auc": 1.0,
        "loss": 0.4862600266933441
      },
      "fedgnn_node_only": {
        "accuracy": 0.88,
        "f1": 0.8888888888888888,
        "auc": 1.0,
        "loss": 0.5303052663803101
      },
      "fedgnn_edge_only": {
        "accuracy": 1.0,
        "f1": 1.0,
        "auc": 1.0,
        "loss": 0.5307321548461914
      },
      "fedgnn_none": {
        "accuracy": 1.0,
        "f1": 1.0,
        "auc": 1.0,
        "loss": 0.4719451069831848
      }
    },
    "15832": {
      "solo": {
        "accuracy": 1.0,
        "f1": 1.0,
        "auc": 1.0,
        "loss": 0.0012191347777843475
      },
      "fedavg": {
        "accuracy": 0.9166666666666666,
        "f1": 0.9333333333333333,
        "auc": 1.0,
        "loss": 0.531139612197876
      },
      "fedgnn_both": {
        "accuracy": 1.0,
        "f1": 1.0,
        "auc": 1.0,
        "loss": 0.48437604308128357
      },
      "fedgnn_node_only": {
        "accuracy": 1.0,
        "f1": 1.0,
        "auc": 1.0,
        "loss": 0.4803036153316498
      },
      "fedgnn_edge_only": {
        "accuracy": 1.0,
        "f1": 1.0,
        "auc": 1.0,
        "loss": 0.5061180591583252
      },
      "fedgnn_none": {
        "accuracy": 1.0,
        "f1": 1.0,
        "auc": 1.0,
        "loss": 0.44297105073928833
      }
    },
    "26192": {
      "solo": {
        "accuracy": 0.8571428571428571,
        "f1": 0.8571428571428571,
        "auc": 0.9166666666666667,
        "loss": 0.3544647991657257
      },
      "fedavg": {
        "accuracy": 0.8571428571428571,
        "f1": 0.8888888888888888,
        "auc": 1.0,
        "loss": 0.6095798015594482
      },
      "fedgnn_both": {
        "accuracy": 0.7142857142857143,
        "f1": 0.8,
        "auc": 0.6666666666666667,
        "loss": 0.6481351852416992
      },
      "fedgnn_node_only": {
        "accuracy": 0.5714285714285714,
        "f1": 0.5714285714285714,
        "auc": 0.6666666666666666,
        "loss": 0.6548269987106323
      },
      "fedgnn_edge_only": {
        "accuracy": 0.5714285714285714,
        "f1": 0.7272727272727273,
        "auc": 0.5,
        "loss": 0.6756286025047302
      },
      "fedgnn_none": {
        "accuracy": 0.5714285714285714,
        "f1": 0.7272727272727273,
        "auc": 0.8333333333333334,
        "loss": 0.6431848406791687
      }
    },
    "34036": {
      "solo": {
        "accuracy": 0.8,
        "f1": 0.8,
        "auc": 0.8333333333333333,
        "loss": 0.9661352038383484
      },
      "fedavg": {
        "accuracy": 0.8,
        "f1": 0.8,
        "auc": 1.0,
        "loss": 0.6115102767944336
      },
      "fedgnn_both": {
        "accuracy": 0.6,
        "f1": 0.6666666666666666,
        "auc": 0.8333333333333333,
        "loss": 0.6124834418296814
      },
      "fedgnn_node_only": {
        "accuracy": 0.8,
        "f1": 0.8,
        "auc": 1.0,
        "loss": 0.5994238257408142
      },
      "fedgnn_edge_only": {
        "accuracy": 0.8,
        "f1": 0.8,
        "auc": 1.0,
        "loss": 0.5699813365936279
      },
      "fedgnn_none": {
        "accuracy": 1.0,
        "f1": 1.0,
        "auc": 1.0,
        "loss": 0.543008029460907
      }
    },
    "52953": {
      "solo": {
        "accuracy": 0.5555555555555556,
        "f1": 0.6,
        "auc": 0.75,
        "loss": 0.7111098170280457
      },
      "fedavg": {
        "accuracy": 0.5555555555555556,
        "f1": 0.6,
        "auc": 0.6,
        "loss": 0.6442788243293762
      },
      "fedgnn_both": {
        "accuracy": 0.6666666666666666,
        "f1": 0.6666666666666666,
        "auc": 0.65,
        "loss": 0.6454203724861145
      },
      "fedgnn_node_only": {
        "accuracy": 0.7777777777777778,
        "f1": 0.75,
        "auc": 0.75,
        "loss": 0.6409856081008911
      },
      "fedgnn_edge_only": {
        "accuracy": 0.6666666666666666,
        "f1": 0.6666666666666666,
        "auc": 0.85,
        "loss": 0.6322277784347534
      },
      "fedgnn_none": {
        "accuracy": 0.6666666666666666,
        "f1": 0.7692307692307693,
        "auc": 0.7,
        "loss": 0.6285126805305481
      }
    },
    "67222": {
      "solo": {
        "accuracy": 1.0,
        "f1": 1.0,
        "auc": 1.0,
        "loss": 0.043527599424123764
      },
      "fedavg": {
        "accuracy": 0.8333333333333334,
        "f1": 0.8571428571428571,
        "auc": 1.0,
        "loss": 0.5606452822685242
      },
      "fedgnn_both": {
        "accuracy": 0.8333333333333334,
        "f1": 0.8571428571428571,
        "auc": 1.0,
        "loss": 0.5186818838119507
      },
      "fedgnn_node_only": {
        "accuracy": 1.0,
        "f1": 1.0,
        "auc": 1.0,
        "loss": 0.5949797630310059
      },
      "fedgnn_edge_only": {
        "accuracy": 0.8333333333333334,
        "f1": 0.8571428571428571,
        "auc": 0.875,
        "loss": 0.6045278310775757
      },
      "fedgnn_none": {
        "accuracy": 0.6666666666666666,
        "f1": 0.75,
        "auc": 0.875,
        "loss": 0.5602049827575684
      }
    },
    "79114": {
      "solo": {
        "accuracy": 0.9911504424778761,
        "f1": 0.9915254237288136,
        "auc": 0.9976476123265114,
        "loss": 0.054123952984809875
      },
      "fedavg": {
        "accuracy": 0.9911504424778761,
        "f1": 0.9913793103448276,
        "auc": 0.9999215870775504,
        "loss": 0.43501004576683044
      },
      "fedgnn_both": {
        "accuracy": 0.9778761061946902,
        "f1": 0.9790794979079498,
        "auc": 0.993413314514232,
        "loss": 0.41898101568222046
      },
      "fedgnn_node_only": {
        "accuracy": 0.995575221238938,
        "f1": 0.9957446808510638,
        "auc": 0.9999215870775504,
        "loss": 0.42674052715301514
      },
      "fedgnn_edge_only": {
        "accuracy": 0.9557522123893806,
        "f1": 0.9586776859504132,
        "auc": 0.9861209127264173,
        "loss": 0.5025494694709778
      },
      "fedgnn_none": {
        "accuracy": 0.9823008849557522,
        "f1": 0.9830508474576272,
        "auc": 0.9997647612326512,
        "loss": 0.44083017110824585
      }
    },
    "84208": {
      "solo": {
        "accuracy": 0.6666666666666666,
        "f1": 0.6666666666666666,
        "auc": 0.8,
        "loss": 0.8213208913803101
      },
      "fedavg": {
        "accuracy": 0.6666666666666666,
        "f1": 0.6666666666666666,
        "auc": 0.9,
        "loss": 0.5990622639656067
      },
      "fedgnn_both": {
        "accuracy": 0.7777777777777778,
        "f1": 0.8333333333333334,
        "auc": 0.95,
        "loss": 0.5903714299201965
      },
      "fedgnn_node_only": {
        "accuracy": 0.8888888888888888,
        "f1": 0.8888888888888888,
        "auc": 0.95,