TimeZone,OpenStreetMapRelationId,CommonsCategory,MusicBrainzAreaId,ExecutiveBody,EncyclopediaOfChinaThirdEditionId,EncyclopdiaBritannicaOnlineId,TripAdvisorId,MuseumDigitalPlaceId,FreebaseId,LegislativeBody,INaturalistPlaceId,HeadOfGovernment,FastId,CapitalCity,CurlieId,WorldCatEntitiesId,CiNiiResearchId,FlagImage,WhosOnFirstId,Country,FipsCode,NdlAuthorityId,WorldCatIdentitiesIdSuperseded,MainCategory,GoogleNewsTopicsId,GeoNlpIdObsolete,LibraryOfCongressAuthorityId,CoatOfArmsImage,GoogleMapsCustomerId,LocatorMapImage,ViafId,GettyThesaurusOfGeographicNamesId,ReplacedBy,GeoNamesId,BabelNetId,Woeid,ArchInformLocationId,DeAgostiniId,PopulationCount,QuoraTopicId,NacsisCatAuthorId,NationalLibraryOfIsraelJ9uId,OnlinePwnEncyclopediaId,NicoNicoPediaId,MainTemplate,GndId
1,1543125.0,2,3,2,322504.0,2,0,1660.0,1,2,10935.0,0,1204835.0,2,2,1,1.1400007916230801e+18,2,85672817.0,0,1,280764.0,1,2,1,0,0,1,3.315038050925878e+18,2,140713831.0,1001032.0,3,1850144.0,0,2,3168.0,2,14264798.0,2,0,9.870075596350052e+17,3987787.0,1,1,0
0,2689476.0,0,0,0,326365.0,0,1,23981.0,2,0,,2,1211511.0,0,3,2,1.1400007916501664e+18,0,102031627.0,1,2,265320.0,0,0,2,3,3,3,9.856676542989455e+18,1,154774996.0,1140451.0,1,1859635.0,3,0,1165.0,0,1539522.0,0,1,9.870075480378052e+17,3921345.0,0,0,2
1,1800742.0,1,1,1,463459.0,1,3,23581.0,0,1,10934.0,1,,3,1,0,1.1402822666917393e+18,1,85672813.0,0,0,258071.0,0,1,3,1,1,0,7.882783270795006e+18,0,252611316.0,1001034.0,2,1850310.0,2,3,5038.0,1,1927754.0,1,2,9.870075619318052e+17,,2,0,3
1,2689482.0,3,2,0,322638.0,3,2,23660.0,3,3,34122.0,3,1207888.0,1,0,3,1.1402822667869343e+18,3,102031239.0,1,2,263587.0,2,3,0,2,2,2,4.747119049326152e+17,3,125484182.0,7004836.0,0,1848350.0,1,1,1200.0,3,3757630.0,3,3,9.870075619309052e+17,3918152.0,3,0,1
