{
  "pair_id": "16355_18767",
  "db_id1": 16355,
  "db_id2": 18767,
  "similarity": 0.99853563,
  "task_type": "classification",
  "label_column": "FactGridItemId",
  "label_metadata": {
    "column": "FactGridItemId",
    "task_type": "classification",
    "n_classes": 38,
    "missing_ratio": 0.4105263157894737,
    "class_distribution": {
      "Q164498": 2,
      "Q77184": 2,
      "Q196286": 2,
      "Q140530": 2,
      "Q248761": 2,
      "Q313865": 2,
      "Q170307": 2,
      "Q33067": 2,
      "Q32193": 2,
      "Q170136": 2,
      "Q152434": 2,
      "Q32122": 2,
      "Q99209": 2,
      "Q152765": 2,
      "Q152552": 2,
      "Q32047": 2,
      "Q12297": 2,
      "Q12490": 2,
      "Q436372": 1,
      "Q12473": 1,
      "Q31955": 1,
      "Q165089": 1,
      "Q152823": 1,
      "Q77194": 1,
      "Q184155": 1,
      "Q230353": 1,
      "Q32261": 1,
      "Q77398": 1,
      "Q408530": 1,
      "Q12770": 1,
      "Q220245": 1,
      "Q31883": 1,
      "Q32442": 1,
      "Q31892": 1,
      "Q32119": 1,
      "Q12726": 1,
      "Q194198": 1,
      "Q170897": 1
    }
  },
  "processing_params": {
    "task_type": "classification",
    "label_col": "FactGridItemId",
    "n_classes": 38,
    "class_names": [
      "Q12297",
      "Q12473",
      "Q12490",
      "Q12726",
      "Q12770",
      "Q140530",
      "Q152434",
      "Q152552",
      "Q152765",
      "Q152823",
      "Q164498",
      "Q165089",
      "Q170136",
      "Q170307",
      "Q170897",
      "Q184155",
      "Q194198",
      "Q196286",
      "Q220245",
      "Q230353",
      "Q248761",
      "Q313865",
      "Q31883",
      "Q31892",
      "Q31955",
      "Q32047",
      "Q32119",
      "Q32122",
      "Q32193",
      "Q32261",
      "Q32442",
      "Q33067",
      "Q408530",
      "Q436372",
      "Q77184",
      "Q77194",
      "Q77398",
      "Q99209"
    ]
  },
  "common_columns": [
    "FactGridItemId",
    "CommonsCategory",
    "StoreNorskeLeksikonId"
  ],
  "num_common_columns": 3,
  "data_shapes": {
    "db1_train": [
      11,
      3
    ],
    "db1_test": [
      3,
      3
    ],
    "db2_train": [
      33,
      3
    ],
    "db2_test": [
      9,
      3
    ]
  },
  "feature_columns": [
    "CommonsCategory",
    "StoreNorskeLeksikonId"
  ],
  "column_types": {
    "CommonsCategory": "categorical",
    "StoreNorskeLeksikonId": "categorical",
    "FactGridItemId": "categorical_label"
  },
  "preprocessing_config": {
    "test_size": 0.2,
    "random_state": 42,
    "min_label_variance": 0.01,
    "max_missing_ratio": 0.5,
    "max_rows": 1000000
  },
  "status": "success"
}