ViafId,GeoNamesId,CommonsCategory,OpenStreetMapRelationId,ArchInformLocationId,WhosOnFirstId,AssociatedPeopleCategory,MusicBrainzAreaId,NationalLibraryOfIsraelJ9uId,OfficialWebsite,CountryName,StoreNorskeLeksikonId,BirthsCategory,MainCategory,FreebaseId,LibraryOfCongressAuthorityId,CoatOfArmsImage,INaturalistPlaceId
133608068.0,2629691.0,3,299133.0,2994.0,85633249.0,3,4,9.870075619075052e+17,2,3,1,2,3,3,7,2,7278.0
154323889.0,2658434.0,7,51701.0,3038.0,85633051.0,8,0,9.870075643569052e+17,6,7,6,5,7,6,5,4,7236.0
159364209.0,2661886.0,6,52822.0,3037.0,85633789.0,7,1,9.870075548114052e+17,4,6,7,4,6,8,1,8,7599.0
134320092.0,453733.0,0,79510.0,2982.0,85633135.0,1,8,9.870075599882052e+17,5,0,0,0,0,0,8,0,8265.0
128544491.0,719819.0,2,21335.0,3056.0,85633237.0,2,2,9.870075618085052e+17,3,2,8,1,2,2,4,1,7399.0
126820159.0,,1,,,,4,7,,0,1,2,8,1,1,0,6,
127756949.0,2635167.0,8,62149.0,8463.0,85633159.0,0,6,9.870075549520051e+17,7,8,5,7,8,7,2,7,6857.0
134262032.0,8354411.0,5,,12197.0,,6,3,9.870075597773052e+17,0,5,4,6,5,4,6,5,
124251001.0,798549.0,4,90689.0,3033.0,85633745.0,5,5,9.870075618179052e+17,1,4,3,3,4,5,3,3,8858.0
