ViafId,GndId,FreebaseId,LibraryOfCongressAuthorityId,CommonsCategory,IsniIdentifier,IdRefId,MainCategory,NationalLibraryOfIsraelJ9uId,NlCrAutId,QuoraTopicId
3.914585792992303e+19,2,0,3,0,404860534.0,27250644.0,0,9.870075594992051e+17,3,0
135958350.0,0,4,1,1,,26374196.0,1,9.870075548070052e+17,2,1
130168302.0,4,3,0,4,123315230.0,26376598.0,4,9.870072691397052e+17,1,4
189116956.0,1,1,4,2,122854945.0,30685435.0,2,9.870075597787052e+17,4,2
132441370.0,3,2,2,3,123088103.0,26373548.0,3,9.870075547915052e+17,0,3
