{
  "config": {
    "db_ids": "10626,13841,17587,57240,73136",
    "target_col": "MinimumCompulsoryEducationAge,CompulsoryEducationMinAge",
    "positive_token": "right",
    "property_mode": "all",
    "global_rounds": 20,
    "local_epochs": 2,
    "hidden_dim": 128,
    "lr": 0.005,
    "output_dir": "results/fedgnn",
    "cache_dir": "results/cache/raw_data",
    "subgraph_cache_dir": "results/subgraph_cache",
    "use_batchnorm": true,
    "num_classes": 4,
    "numeric_bins": "5,6,7",
    "numeric_drop_above": true,
    "drop_other": false,
    "force_rebuild_cache": true,
    "metrics": "accuracy,f1,auc",
    "seeds": "0,1,2,3,4"
  },
  "seed": 0,
  "db_ids": [
    "10626",
    "13841",
    "17587",
    "57240",
    "73136"
  ],
  "union_schema_size": 2245,
  "n_edges": 16,
  "property_modes": [
    "both",
    "node_only",
    "edge_only",
    "none"
  ],
  "metrics_reported": [
    "accuracy",
    "f1",
    "auc"
  ],
  "per_database": {
    "10626": {
      "solo": {
        "accuracy": 0.9814814814814815,
        "f1": 0.9647218453188602,
        "auc": null,
        "loss": 0.1257725954055786
      },
      "fedavg": {
        "accuracy": 0.9814814814814815,
        "f1": 0.9647218453188602,
        "auc": null,
        "loss": 0.4476188123226166
      },
      "fedgnn_both": {
        "accuracy": 0.9814814814814815,
        "f1": 0.9647218453188602,
        "auc": null,
        "loss": 0.42827457189559937
      },
      "fedgnn_node_only": {
        "accuracy": 0.9814814814814815,
        "f1": 0.9647218453188602,
        "auc": null,
        "loss": 0.4386765956878662
      },
      "fedgnn_edge_only": {
        "accuracy": 0.9814814814814815,
        "f1": 0.9647218453188602,
        "auc": null,
        "loss": 0.3772924244403839
      },
      "fedgnn_none": {
        "accuracy": 0.9814814814814815,
        "f1": 0.9647218453188602,
        "auc": null,
        "loss": 0.4389024078845978
      }
    },
    "13841": {
      "solo": {
        "accuracy": 1.0,
        "f1": 1.0,
        "auc": 1.0,
        "loss": 0.0009201556094922125
      },
      "fedavg": {
        "accuracy": 1.0,
        "f1": 1.0,
        "auc": 1.0,
        "loss": 0.3411937654018402
      },
      "fedgnn_both": {
        "accuracy": 1.0,
        "f1": 1.0,
        "auc": 1.0,
        "loss": 0.33399698138237
      },
      "fedgnn_node_only": {
        "accuracy": 1.0,
        "f1": 1.0,
        "auc": 1.0,
        "loss": 0.35065680742263794
      },
      "fedgnn_edge_only": {
        "accuracy": 1.0,
        "f1": 1.0,
        "auc": 1.0,
        "loss": 0.3600403070449829
      },
      "fedgnn_none": {
        "accuracy": 1.0,
        "f1": 1.0,
        "auc": 1.0,
        "loss": 0.3870565593242645
      }
    },
    "17587": {
      "solo": {
        "accuracy": 0.9838709677419355,
        "f1": 0.9657754010695188,
        "auc": null,
        "loss": 0.07774059474468231
      },
      "fedavg": {
        "accuracy": 0.9838709677419355,
        "f1": 0.9657754010695188,
        "auc": null,
        "loss": 0.4236592948436737
      },
      "fedgnn_both": {
        "accuracy": 0.9838709677419355,
        "f1": 0.9657754010695188,
        "auc": null,
        "loss": 0.413750559091568
      },
      "fedgnn_node_only": {
        "accuracy": 0.9838709677419355,
        "f1": 0.9657754010695188,
        "auc": null,
        "loss": 0.45794907212257385
      },
      "fedgnn_edge_only": {
        "accuracy": 0.9838709677419355,
        "f1": 0.9657754010695188,
        "auc": null,
        "loss": 0.3660392463207245
      },
      "fedgnn_none": {
        "accuracy": 0.9838709677419355,
        "f1": 0.9657754010695188,
        "auc": null,
        "loss": 0.39382365345954895
      }
    },
    "57240": {
      "solo": {
        "accuracy": 0.9930555555555556,
        "f1": 0.9839279974284796,
        "auc": 1.0,
        "loss": 0.007534794509410858
      },
      "fedavg": {
        "accuracy": 0.9930555555555556,
        "f1": 0.9839279974284796,
        "auc": 1.0,
        "loss": 0.3935558497905731
      },
      "fedgnn_both": {
        "accuracy": 1.0,
        "f1": 1.0,
        "auc": 1.0,
        "loss": 0.34893980622291565
      },
      "fedgnn_node_only": {
        "accuracy": 1.0,
        "f1": 1.0,
        "auc": 1.0,
        "loss": 0.3606470227241516
      },
      "fedgnn_edge_only": {
        "accuracy": 1.0,
        "f1": 1.0,
        "auc": 1.0,
        "loss": 0.3476179540157318
      },
      "fedgnn_none": {
        "accuracy": 1.0,
        "f1": 1.0,
        "auc": 1.0,
        "loss": 0.3788042962551117
      }
    },
    "73136": {
      "solo": {
        "accuracy": 0.5,
        "f1": 0.3333333333333333,
        "auc": null,
        "loss": 1.0705597400665283
      },
      "fedavg": {
        "accuracy": 1.0,
        "f1": 1.0,
        "auc": null,
        "loss": 0.8686690330505371
      },
      "fedgnn_both": {
        "accuracy": 1.0,
        "f1": 1.0,
        "auc": null,
        "loss": 0.766016960144043
      },
      "fedgnn_node_only": {
        "accuracy": 0.5,
        "f1": 0.3333333333333333,
        "auc": null,
        "loss": 0.7719874978065491
      },
      "fedgnn_edge_only": {
        "accuracy": 1.0,
        "f1": 1.0,
        "auc": null,
        "loss": 0.7720798850059509
      },
      "fedgnn_none": {
        "accuracy": 0.5,
        "f1": 0.3333333333333333,
        "auc": null,
        "loss": 0.8163186311721802
      }
    }
  },
  "averages": {
    "solo": {
      "accuracy": 0.8916816009557944,
      "f1": 0.8495517154300384,
      "auc": 1.0,
      "loss": 0.2565055760671385
    },
    "fedavg": {
      "accuracy": 0.9916816009557945,
      "f1": 0.9828850487633718,
      "auc": 1.0,
      "loss": 0.49493935108184817
    },
    "fedgnn_both": {
      "accuracy": 0.9930704898446834,
      "f1": 0.9860994492776758,
      "auc": 1.0,
      "loss": 0.4581957757472992
    },
    "fedgnn_node_only": {
      "accuracy": 0.8930704898446834,
      "f1": 0.8527661159443424,
      "auc": 1.0,
      "loss": 0.4759833991527557
    },
    "fedgnn_edge_only": {
      "accuracy": 0.9930704898446834,
      "f1": 0.9860994492776758,
      "auc": 1.0,
      "loss": 0.4446139633655548
    },
    "fedgnn_none": {
      "accuracy": 0.8930704898446834,
      "f1": 0.8527661159443424,
      "auc": 1.0,
      "loss": 0.48298110961914065
    }
  },
  "predictions": {
    "solo": "results/fedgnn/10626-13841-17587-57240-73136/predictions_solo_seed0_r20_e2_h128_lr0p005_c4_pmall_drop0.csv",
    "fedavg": "results/fedgnn/10626-13841-17587-57240-73136/predictions_fedavg_seed0_r20_e2_h128_lr0p005_c4_pmall_drop0.csv",
    "fedgnn_both": "results/fedgnn/10626-13841-17587-57240-73136/predictions_fedgnn_both_seed0_r20_e2_h128_lr0p005_c4_pmall_drop0.csv",
    "fedgnn_node_only": "results/fedgnn/10626-13841-17587-57240-73136/predictions_fedgnn_node_only_seed0_r20_e2_h128_lr0p005_c4_pmall_drop0.csv",
    "fedgnn_edge_only": "results/fedgnn/10626-13841-17587-57240-73136/predictions_fedgnn_edge_only_seed0_r20_e2_h128_lr0p005_c4_pmall_drop0.csv",
    "fedgnn_none": "results/fedgnn/10626-13841-17587-57240-73136/predictions_fedgnn_none_seed0_r20_e2_h128_lr0p005_c4_pmall_drop0.csv"
  },
  "metrics_csv": "results/fedgnn/10626-13841-17587-57240-73136/metrics_seed0_r20_e2_h128_lr0p005_c4_pmall_drop0.csv"
}