{
  "config": {
    "db_ids": "10626,13841,17587,57240,73136",
    "target_col": "MinimumCompulsoryEducationAge,CompulsoryEducationMinAge",
    "positive_token": "right",
    "property_mode": "all",
    "global_rounds": 20,
    "local_epochs": 2,
    "hidden_dim": 128,
    "lr": 0.005,
    "output_dir": "results/fedgnn",
    "cache_dir": "results/cache/raw_data",
    "subgraph_cache_dir": "results/subgraph_cache",
    "use_batchnorm": true,
    "num_classes": 4,
    "numeric_bins": "5,6,7",
    "numeric_drop_above": true,
    "drop_other": false,
    "force_rebuild_cache": true,
    "metrics": "accuracy,f1,auc",
    "seeds": "0,1,2,3,4"
  },
  "seed": 1,
  "db_ids": [
    "10626",
    "13841",
    "17587",
    "57240",
    "73136"
  ],
  "union_schema_size": 2245,
  "n_edges": 16,
  "property_modes": [
    "both",
    "node_only",
    "edge_only",
    "none"
  ],
  "metrics_reported": [
    "accuracy",
    "f1",
    "auc"
  ],
  "per_database": {
    "10626": {
      "solo": {
        "accuracy": 0.9814814814814815,
        "f1": 0.9835306227483273,
        "auc": null,
        "loss": 0.14115272462368011
      },
      "fedavg": {
        "accuracy": 0.9814814814814815,
        "f1": 0.9835306227483273,
        "auc": null,
        "loss": 0.338947057723999
      },
      "fedgnn_both": {
        "accuracy": 0.9814814814814815,
        "f1": 0.9835306227483273,
        "auc": null,
        "loss": 0.3723697364330292
      },
      "fedgnn_node_only": {
        "accuracy": 0.9814814814814815,
        "f1": 0.9835306227483273,
        "auc": null,
        "loss": 0.38077667355537415
      },
      "fedgnn_edge_only": {
        "accuracy": 0.9814814814814815,
        "f1": 0.9835306227483273,
        "auc": null,
        "loss": 0.35441187024116516
      },
      "fedgnn_none": {
        "accuracy": 0.9814814814814815,
        "f1": 0.9835306227483273,
        "auc": null,
        "loss": 0.3656556308269501
      }
    },
    "13841": {
      "solo": {
        "accuracy": 1.0,
        "f1": 1.0,
        "auc": 1.0,
        "loss": 0.0020494037307798862
      },
      "fedavg": {
        "accuracy": 1.0,
        "f1": 1.0,
        "auc": 1.0,
        "loss": 0.33957743644714355
      },
      "fedgnn_both": {
        "accuracy": 1.0,
        "f1": 1.0,
        "auc": 1.0,
        "loss": 0.35657283663749695
      },
      "fedgnn_node_only": {
        "accuracy": 1.0,
        "f1": 1.0,
        "auc": 1.0,
        "loss": 0.33048978447914124
      },
      "fedgnn_edge_only": {
        "accuracy": 1.0,
        "f1": 1.0,
        "auc": 1.0,
        "loss": 0.3165380358695984
      },
      "fedgnn_none": {
        "accuracy": 1.0,
        "f1": 1.0,
        "auc": 1.0,
        "loss": 0.3446577489376068
      }
    },
    "17587": {
      "solo": {
        "accuracy": 1.0,
        "f1": 1.0,
        "auc": null,
        "loss": 0.00034683509147726
      },
      "fedavg": {
        "accuracy": 1.0,
        "f1": 1.0,
        "auc": null,
        "loss": 0.33651700615882874
      },
      "fedgnn_both": {
        "accuracy": 1.0,
        "f1": 1.0,
        "auc": null,
        "loss": 0.33874040842056274
      },
      "fedgnn_node_only": {
        "accuracy": 1.0,
        "f1": 1.0,
        "auc": null,
        "loss": 0.3338349759578705
      },
      "fedgnn_edge_only": {
        "accuracy": 1.0,
        "f1": 1.0,
        "auc": null,
        "loss": 0.337724506855011
      },
      "fedgnn_none": {
        "accuracy": 1.0,
        "f1": 1.0,
        "auc": null,
        "loss": 0.3765164017677307
      }
    },
    "57240": {
      "solo": {
        "accuracy": 1.0,
        "f1": 1.0,
        "auc": 1.0,
        "loss": 0.0006777539965696633
      },
      "fedavg": {
        "accuracy": 1.0,
        "f1": 1.0,
        "auc": 1.0,
        "loss": 0.36866769194602966
      },
      "fedgnn_both": {
        "accuracy": 1.0,
        "f1": 1.0,
        "auc": 1.0,
        "loss": 0.39399445056915283
      },
      "fedgnn_node_only": {
        "accuracy": 1.0,
        "f1": 1.0,
        "auc": 1.0,
        "loss": 0.35510897636413574
      },
      "fedgnn_edge_only": {
        "accuracy": 1.0,
        "f1": 1.0,
        "auc": 1.0,
        "loss": 0.3384305536746979
      },
      "fedgnn_none": {
        "accuracy": 1.0,
        "f1": 1.0,
        "auc": 1.0,
        "loss": 0.34371504187583923
      }
    },
    "73136": {
      "solo": {
        "accuracy": 1.0,
        "f1": 1.0,
        "auc": null,
        "loss": 0.1383657306432724
      },
      "fedavg": {
        "accuracy": 1.0,
        "f1": 1.0,
        "auc": null,
        "loss": 0.5207940936088562
      },
      "fedgnn_both": {
        "accuracy": 1.0,
        "f1": 1.0,
        "auc": null,
        "loss": 0.6441906094551086
      },
      "fedgnn_node_only": {
        "accuracy": 1.0,
        "f1": 1.0,
        "auc": null,
        "loss": 0.545617938041687
      },
      "fedgnn_edge_only": {
        "accuracy": 1.0,
        "f1": 1.0,
        "auc": null,
        "loss": 0.5171247124671936
      },
      "fedgnn_none": {
        "accuracy": 1.0,
        "f1": 1.0,
        "auc": null,
        "loss": 0.4798470735549927
      }
    }
  },
  "averages": {
    "solo": {
      "accuracy": 0.9962962962962962,
      "f1": 0.9967061245496656,
      "auc": 1.0,
      "loss": 0.056518489617155866
    },
    "fedavg": {
      "accuracy": 0.9962962962962962,
      "f1": 0.9967061245496656,
      "auc": 1.0,
      "loss": 0.3809006571769714
    },
    "fedgnn_both": {
      "accuracy": 0.9962962962962962,
      "f1": 0.9967061245496656,
      "auc": 1.0,
      "loss": 0.42117360830307005
    },
    "fedgnn_node_only": {
      "accuracy": 0.9962962962962962,
      "f1": 0.9967061245496656,
      "auc": 1.0,
      "loss": 0.3891656696796417
    },
    "fedgnn_edge_only": {
      "accuracy": 0.9962962962962962,
      "f1": 0.9967061245496656,
      "auc": 1.0,
      "loss": 0.3728459358215332
    },
    "fedgnn_none": {
      "accuracy": 0.9962962962962962,
      "f1": 0.9967061245496656,
      "auc": 1.0,
      "loss": 0.3820783793926239
    }
  },
  "predictions": {
    "solo": "results/fedgnn/10626-13841-17587-57240-73136/predictions_solo_seed1_r20_e2_h128_lr0p005_c4_pmall_drop0.csv",
    "fedavg": "results/fedgnn/10626-13841-17587-57240-73136/predictions_fedavg_seed1_r20_e2_h128_lr0p005_c4_pmall_drop0.csv",
    "fedgnn_both": "results/fedgnn/10626-13841-17587-57240-73136/predictions_fedgnn_both_seed1_r20_e2_h128_lr0p005_c4_pmall_drop0.csv",
    "fedgnn_node_only": "results/fedgnn/10626-13841-17587-57240-73136/predictions_fedgnn_node_only_seed1_r20_e2_h128_lr0p005_c4_pmall_drop0.csv",
    "fedgnn_edge_only": "results/fedgnn/10626-13841-17587-57240-73136/predictions_fedgnn_edge_only_seed1_r20_e2_h128_lr0p005_c4_pmall_drop0.csv",
    "fedgnn_none": "results/fedgnn/10626-13841-17587-57240-73136/predictions_fedgnn_none_seed1_r20_e2_h128_lr0p005_c4_pmall_drop0.csv"
  },
  "metrics_csv": "results/fedgnn/10626-13841-17587-57240-73136/metrics_seed1_r20_e2_h128_lr0p005_c4_pmall_drop0.csv"
}