{
  "experiment_type": "horizontal",
  "algorithm": "fedprox",
  "timestamp": "20250726_211456",
  "seed": 1,
  "database_ids": [
    "02799",
    "79665"
  ],
  "weighted_metrics": {
    "accuracy": 0.6153846153846154,
    "precision": 0.6044967743114572,
    "recall": 0.6153846153846154,
    "f1": 0.5986359921927963
  },
  "centralized_baseline": {
    "accuracy": 0.8996655518394648,
    "precision": 0.8129667329100222,
    "recall": 0.8996655518394648,
    "f1": 0.8532123390934138
  },
  "all_results": {
    "FedProx": {
      "accuracy": 0.6153846153846154,
      "precision": 0.6044967743114572,
      "recall": 0.6153846153846154,
      "f1": 0.5986359921927963
    },
    "Centralized_Baseline": {
      "accuracy": 0.8996655518394648,
      "precision": 0.8129667329100222,
      "recall": 0.8996655518394648,
      "f1": 0.8532123390934138
    }
  }
}