{
    "experiment_type": "horizontal",
    "algorithm": "fedtree",
    "timestamp": "20250730_173848",
    "seed": 3,
    "database_ids": [
        "02799",
        "79665"
    ],
    "weighted_metrics": {
        "accuracy": 0.842809364548495,
        "precision": 0.8176124536536435,
        "recall": 0.842809364548495,
        "f1": 0.8172096866893722
    },
    "individual_metrics": {
        "accuracy": 0.842809364548495,
        "precision": 0.8176124536536435,
        "recall": 0.842809364548495,
        "f1": 0.8172096866893722
    },
    "training_info": {
        "mode": "horizontal",
        "n_parties": 2,
        "training_status": "success"
    }
}