{
  "experiment_type": "horizontal",
  "algorithm": "individual_clients",
  "timestamp": "20250729_155905",
  "seed": 4,
  "database_ids": [
    "02799",
    "79665"
  ],
  "experiment_params": {
    "hidden_dims": [
      64,
      32
    ],
    "learning_rate": 0.0001,
    "local_epochs": 5,
    "global_rounds": 20,
    "batch_size": 32,
    "device": "cuda:1"
  },
  "selected_models": [
    "svm"
  ],
  "individual_results": {
    "client_02799": {
      "SVM": [
        0.28762541806020064,
        0.10579554225039176,
        0.28762541806020064,
        0.14276930529806878
      ]
    },
    "client_79665": {
      "SVM": [
        0.6153846153846154,
        0.40977890559830354,
        0.6153846153846154,
        0.4732759600541772
      ]
    }
  },
  "combined_results": {
    "client_02799": {
      "SVM": [
        0.28762541806020064,
        0.24150873281308063,
        0.28762541806020064,
        0.2621622176170056
      ]
    },
    "client_79665": {
      "SVM": [
        0.6153846153846154,
        0.6044967743114572,
        0.6153846153846154,
        0.5986359921927963
      ]
    }
  }
}