{
  "experiment_type": "horizontal",
  "algorithm": "individual_clients",
  "timestamp": "20250729_154628",
  "seed": 2,
  "database_ids": [
    "02799",
    "79665"
  ],
  "experiment_params": {
    "hidden_dims": [
      64,
      32
    ],
    "learning_rate": 0.0001,
    "local_epochs": 5,
    "global_rounds": 20,
    "batch_size": 32,
    "device": "cuda:1"
  },
  "selected_models": [
    "neural_network",
    "xgboost",
    "random_forest",
    "logistic_regression"
  ],
  "individual_results": {
    "client_02799": {
      "Neural_Network": [
        0.2909698996655518,
        0.09802488654662567,
        0.2909698996655518,
        0.14434201963996843
      ],
      "XGBoost": [
        0.32441471571906355,
        0.12283613047318151,
        0.32441471571906355,
        0.17200700213714212
      ],
      "Random_Forest": [
        0.3210702341137124,
        0.1649096020551597,
        0.3210702341137124,
        0.1877300151873467
      ],
      "Logistic_Regression": [
        0.2809364548494983,
        0.10451505016722408,
        0.2809364548494983,
        0.1405900152703222
      ]
    },
    "client_79665": {
      "Neural_Network": [
        0.6187290969899666,
        0.4159573410699655,
        0.6187290969899666,
        0.4960622523330969
      ],
      "XGBoost": [
        0.6387959866220736,
        0.42386751427574526,
        0.6387959866220736,
        0.5070617259515171
      ],
      "Random_Forest": [
        0.6321070234113713,
        0.4311297706302331,
        0.6321070234113713,
        0.49908358257333557
      ],
      "Logistic_Regression": [
        0.6120401337792643,
        0.3784731528633967,
        0.6120401337792643,
        0.4663145726194764
      ]
    }
  },
  "combined_results": {
    "client_02799": {
      "Neural_Network": [
        0.2909698996655518,
        0.09802488654662567,
        0.2909698996655518,
        0.14434201963996843
      ],
      "XGBoost": [
        0.24414715719063546,
        0.1730363347079261,
        0.24414715719063546,
        0.20253116448768624
      ],
      "Random_Forest": [
        0.24414715719063546,
        0.1730363347079261,
        0.24414715719063546,
        0.20253116448768624
      ],
      "Logistic_Regression": [
        0.2809364548494983,
        0.24046062633019152,
        0.2809364548494983,
        0.25881302062776546
      ]
    },
    "client_79665": {
      "Neural_Network": [
        0.6187290969899666,
        0.4159573410699655,
        0.6187290969899666,
        0.4960622523330969
      ],
      "XGBoost": [
        0.5752508361204013,
        0.5048119582281072,
        0.5752508361204013,
        0.537734477242984
      ],
      "Random_Forest": [
        0.5752508361204013,
        0.5048119582281072,
        0.5752508361204013,
        0.537734477242984
      ],
      "Logistic_Regression": [
        0.6120401337792643,
        0.5714580000969416,
        0.6120401337792643,
        0.5910501214764081
      ]
    }
  }
}