{
  "experiment_type": "horizontal",
  "algorithm": "individual_clients",
  "timestamp": "20250729_151416",
  "seed": 0,
  "database_ids": [
    "02799",
    "79665"
  ],
  "experiment_params": {
    "hidden_dims": [
      64,
      32
    ],
    "learning_rate": 0.0001,
    "local_epochs": 5,
    "global_rounds": 20,
    "batch_size": 32,
    "device": "cuda:1"
  },
  "selected_models": [
    "xgboost"
  ],
  "individual_results": {
    "client_02799": {
      "XGBoost": [
        0.32441471571906355,
        0.12283613047318151,
        0.32441471571906355,
        0.17200700213714212
      ]
    },
    "client_79665": {
      "XGBoost": [
        0.6387959866220736,
        0.42386751427574526,
        0.6387959866220736,
        0.5070617259515171
      ]
    }
  },
  "combined_results": {
    "client_02799": {
      "XGBoost": [
        0.24414715719063546,
        0.1730363347079261,
        0.24414715719063546,
        0.20253116448768624
      ]
    },
    "client_79665": {
      "XGBoost": [
        0.5752508361204013,
        0.5048119582281072,
        0.5752508361204013,
        0.537734477242984
      ]
    }
  }
}