{
  "experiment_type": "horizontal",
  "algorithm": "individual_clients",
  "timestamp": "20250729_151506",
  "seed": 0,
  "database_ids": [
    "02799",
    "79665"
  ],
  "experiment_params": {
    "hidden_dims": [
      64,
      32
    ],
    "learning_rate": 0.0001,
    "local_epochs": 5,
    "global_rounds": 20,
    "batch_size": 32,
    "device": "cuda:1"
  },
  "selected_models": [
    "random_forest"
  ],
  "individual_results": {
    "client_02799": {
      "Random_Forest": [
        0.3210702341137124,
        0.1649096020551597,
        0.3210702341137124,
        0.1877300151873467
      ]
    },
    "client_79665": {
      "Random_Forest": [
        0.6321070234113713,
        0.4311297706302331,
        0.6321070234113713,
        0.49908358257333557
      ]
    }
  },
  "combined_results": {
    "client_02799": {
      "Random_Forest": [
        0.24414715719063546,
        0.1730363347079261,
        0.24414715719063546,
        0.20253116448768624
      ]
    },
    "client_79665": {
      "Random_Forest": [
        0.5752508361204013,
        0.5048119582281072,
        0.5752508361204013,
        0.537734477242984
      ]
    }
  }
}