{
  "experiment_type": "horizontal",
  "algorithm": "individual_clients",
  "timestamp": "20250729_151530",
  "seed": 0,
  "database_ids": [
    "02799",
    "79665"
  ],
  "experiment_params": {
    "hidden_dims": [
      64,
      32
    ],
    "learning_rate": 0.0001,
    "local_epochs": 5,
    "global_rounds": 20,
    "batch_size": 32,
    "device": "cuda:1"
  },
  "selected_models": [
    "logistic_regression"
  ],
  "individual_results": {
    "client_02799": {
      "Logistic_Regression": [
        0.2809364548494983,
        0.10451505016722408,
        0.2809364548494983,
        0.1405900152703222
      ]
    },
    "client_79665": {
      "Logistic_Regression": [
        0.6120401337792643,
        0.3784731528633967,
        0.6120401337792643,
        0.4663145726194764
      ]
    }
  },
  "combined_results": {
    "client_02799": {
      "Logistic_Regression": [
        0.2809364548494983,
        0.24046062633019152,
        0.2809364548494983,
        0.25881302062776546
      ]
    },
    "client_79665": {
      "Logistic_Regression": [
        0.6120401337792643,
        0.5714580000969416,
        0.6120401337792643,
        0.5910501214764081
      ]
    }
  }
}