NationalLibraryOfIsraelJ9uId,CommonsCategory,MainCategory,LibraryOfCongressAuthorityId
9.870075619075052e+17,4,4,10
9.870075549520051e+17,10,10,6
9.870075643569052e+17,9,9,7
9.870075503590052e+17,5,5,0
9.870075643556051e+17,6,6,8
9.870075652515052e+17,0,0,11
9.870072691397052e+17,11,11,1
9.870075548070052e+17,1,1,5
9.870075525332051e+17,2,2,2
9.870075597787052e+17,3,3,9
9.870075525318052e+17,7,7,3
9.870075548114052e+17,8,8,4
