NationalLibraryOfIsraelJ9uId,CommonsCategory,MainCategory,LibraryOfCongressAuthorityId
9.870075525311052e+17,0,0,0
9.870075548074052e+17,3,3,1
9.870075642310052e+17,2,2,2
9.870075599882052e+17,1,1,3
